# Created by Octave 3.6.2, Fri Jan 02 15:44:07 2015 CST <martin@martin-bml>
# name: a
# type: matrix
# rows: 149
# columns: 24
 0 0 0 0 0 0 0 0 0 0 0 0 0 0 0 0 0 0 0 0 0 0 0 0
 Inf Inf Inf Inf Inf Inf Inf Inf Inf Inf Inf Inf Inf Inf Inf Inf Inf Inf Inf Inf Inf Inf Inf Inf
 21 21 21 21 21 21 21 21 21 21 21 21 21 21 21 21 21 21 21 21 21 21 21 21
 1120.796992198608 1079.968876736338 1085.53304903906 1062.558897378398 1116.752459994109 1057.111639844803 1074.594712758121 1106.384544420351 1053.626515256842 1098.637738899458 1054.654530997157 1071.096860774741 1156.50780662012 1116.364774319475 1089.866299480607 1086.170641404918 1107.666156452259 1036.741592552493 1050.437328834983 1044.703946561185 1078.472067671292 1075.98667127505 1052.926620721446 1059.654737925487
 21.38265111650396 20.7844975684714 21.0569611580513 21.29854252076034 21.08129714552834 21.01290430830507 20.83512102058437 21.11452985467946 20.64359429362141 18.77262419924108 20.92716316032354 20.7938261223788 21.02484840620411 20.76625799052786 20.47362409361979 20.63170059596158 20.75540697404958 20.68715651188716 20.50067119598147 20.76079130117646 20.57368930349601 20.54898482662017 20.50904977505611 20.4737238975389
 20.68118680314165 20.67699084449594 20.79210503919959 20.60226482457533 20.60753101672681 20.58043986973641 20.65979855599611 20.78754398101421 20.77759598896239 21.19542603876428 20.69196613198873 20.66160972778951 20.81542821665261 20.91199051890631 20.82553033212589 20.81113420722377 20.74001736127139 20.7108662198639 20.7725853368125 20.75436684787417 20.80319457612934 20.83797148430146 20.78693654865052 20.74191013186672
 20.84553094664947 20.93339879847408 20.92719106167607 20.83976652541306 20.88726663180718 20.87052514310216 20.8930904885226 20.90686434831363 20.95775505955119 21.36694865787913 20.89693490524744 20.91166971802447 20.91591222863946 20.99981842897237 21.00387568539897 20.97327941442619 20.92881965765776 20.93184860067134 20.96864475376757 20.93502081263195 20.9866771845703 20.99441066732862 20.98961919611774 20.98207599805548
 20.9660514971288 21.09200468398593 21.01931014904761 20.98766329812701 21.03077240920732 21.06244589877334 21.07355376637153 21.00190157204588 21.10304861241312 21.5100149096806 21.05622718166603 21.09470368796655 21.01293741856399 21.06181691997828 21.14649144790124 21.11674746860061 21.09651008438979 21.11507021512582 21.14234660246374 21.08121703434121 21.12616414964596 21.13455948031729 21.14927550937103 21.16759211750098
 21.03646497121959 21.2141801311392 21.07808215364807 21.09369832094553 21.15157635316273 21.18370419352916 21.21934144315907 21.06579082387324 21.21988376591265 21.63735329667368 21.16666475918204 21.22737150926909 21.0921738548028 21.1107984664801 21.24799501292179 21.20039299880587 21.19847282747899 21.23937401561657 21.2649424616617 21.18233716810126 21.22060901364555 21.20848764723585 21.24702035301164 21.27665511457837
 21.09720859229677 21.30866537747069 21.12876231043179 21.18841593256522 21.25009107143409 21.30057819246204 21.32931633989359 21.12619229931627 21.3088057094708 21.73480196045984 21.26799848132054 21.32150746112161 21.14093113025192 21.15249296946723 21.31843164285409 21.27642812141924 21.28930607230147 21.32746052219356 21.36848513896956 21.29431416849441 21.30184719948108 21.28770914355589 21.33365289006723 21.37715046323314
 21.11851040925014 21.36346276653459 21.15274128987057 21.22882157143555 21.30101921625288 21.35080787481519 21.40348225225926 21.16552993079337 21.3529884273499 21.7798629875791 21.31733944810753 21.38110375092727 21.16844371581505 21.17287414255187 21.36224725765659 21.31875147488176 21.33198496465878 21.3823167167706 21.43335133347843 21.32703886801696 21.34546486375928 21.33854802476763 21.38762023655108 21.42452812454729
 17.3479103003535 10.85194234762509 15.81686543361361 6.381912638221352 6.972210300119489 8.699157721041498 10.95205252179389 13.93161179670873 5.482111957092927 4.856536331836213 5.576097813705308 6.391084680903437 13.86286269637144 13.06348116572308 4.748304162594352 4.367995694169803 4.568155811166161 5.626946690541097 8.991950488047884 5.478040561767159 4.291589371480498 4.14678644535929 4.507767064564974 5.952455530091401
 8.045980435172925 3.666179131355919 5.753921372316612 2.272841424481868 2.487206388513563 3.107649297569554 4.367662547419782 4.797470140695279 2.369295157813689 2.188169373420796 2.582728246112187 2.710293650364212 5.928658320979062 4.870844216793747 2.305701298904101 2.287107056932865 2.285739911105726 2.797429525247614 4.985296787519779 2.957278753366229 2.338268610821541 2.366841341194699 2.513116798616895 3.224415237728802
 3.316463912234528 2.461823624195754 1.689861096771499 1.494407696043327 1.619844734150482 2.058921478035854 2.985098781578234 1.412579314783818 1.650457125739127 1.519709046574863 1.827034207230866 1.821742774738991 2.210269173821668 1.372600644113684 1.646662035467787 1.658104371669193 1.601149088891794 1.970111310124129 3.821522020042812 2.210893505584298 1.710596192094781 1.761982630179517 1.842049041263067 2.354262307037993
 1.145043068761023 1.918942797128471 0.2934909693559752 1.133751968097634 1.225505120004588 1.588622533855941 2.354036340160485 0.2932421663834857 1.286521234359558 1.18801429387585 1.460153746466408 1.405552037721336 0.624097171530782 0.08641852027383123 1.311234987131753 1.341104717858737 1.259972302927688 1.560372792123017 3.240827204458195 1.82106335095282 1.377515167825727 1.442865187438305 1.495996030028198 1.881004169599805
 0.2497778800566992 1.68998098321383 -0.1728147755000678 0.9362540914155737 1.000309846891719 1.240530208627106 2.195025092962275 -0.07279176611249175 1.099745406631195 0.979023209612627 1.225881447119869 1.1096247827247 -0.08291423093916413 -0.3770871659264867 1.076204893465609 1.118853349479983 0.9789070590185328 1.216410036566045 2.860441646137938 1.649265186858446 1.143926635976089 1.251736657935545 1.187947359884925 1.534706117534257
 -0.1507290743166214 1.500561631400667 -0.3576636329762973 0.8094086554804397 0.8520478498177905 1.043632136247507 1.995103388296504 -0.2111428194620383 0.9663677470729041 0.849213112074544 1.079756380167343 0.9290214301273295 -0.3882939743759843 -0.5573690390007505 0.9127303173090647 0.9719359819497095 0.8260649782047504 1.031333119445452 2.620498491270675 1.487840031380563 0.9944892245413055 1.096728605089266 1.018186127651504 1.319564406755681
 -0.3211909400013427 1.378571045790755 -0.4375417793125312 0.7342209137632506 0.7536172785184819 0.9086162863644401 1.855003100493986 -0.2678759852985722 0.8743968115254862 0.7624222987032212 0.9670481486404517 0.8042858588799661 -0.5155634820217986 -0.6348086881114797 0.8038178629222023 0.8890145538071056 0.7261164912375501 0.8956976244547391 2.459376182776898 1.372729757841692 0.8874739524761046 0.9777424954870406 0.8938129742021669 1.165906634241729
 -0.3967888351955037 1.274006902576375 -0.4877623627966508 0.6718414299081313 0.6845943744134474 0.8181117126034223 1.733867910018091 -0.3029389891013411 0.7993932398469709 0.6906647209391349 0.8818153185668501 0.7117790514950971 -0.583936617100877 -0.682692664094069 0.7168266172286571 0.7877180717655067 0.6351115781914787 0.8052602201582089 2.326475837476999 1.274868447070086 0.8022832900051031 0.8932764848212207 0.8027363079862423 1.044829767007139
 -0.4339486474874497 1.200616868718005 -0.5169694838016279 0.6248566943791924 0.6337591431832207 0.7469767402609827 1.640389178961233 -0.3269076859441078 0.7449978872049995 0.6403085239729672 0.8206899508343963 0.6425145761074483 -0.6246746944299333 -0.7098806945134727 0.6494812550407056 0.7248770502835247 0.5676186128266182 0.7254039404236183 2.23015889089847 1.204347710465093 0.7323391417564136 0.8287103450504896 0.7233400605472928 0.9616523770959626
 -0.4648144555147132 1.123069229954943 -0.5374401528430041 0.5787067161444504 0.5874912911198529 0.6920942436776532 1.556514035436828 -0.3447135766864206 0.6986149872977637 0.5970137682277863 0.7718208210355975 0.6033508159759071 -0.6450050229220838 -0.7260261429696252 0.6096264439464243 0.679256290138619 0.5230651712059911 0.6933971207760607 2.126385238769152 1.12893630543926 0.6762409896503939 0.7781232914203479 0.6826837517325567 0.9385498793693176
 -0.4891267664146142 1.020772553509956 -0.5490984931289545 0.5310598209619798 0.5452948190798673 0.6762223607758818 1.438270570449422 -0.3592531786357395 0.6376457087550217 0.5537680613495288 0.7382138046832667 0.5762601299825558 -0.6686843506552931 -0.7475241580791305 0.5430862759839633 0.6344529425109203 0.4854592938430719 0.6545314038763406 2.019833645571142 1.05840054293088 0.6190767268006822 0.7323736073958027 0.640949545153692 0.8897116692538243
 -0.5039631651449326 0.9687650447991464 -0.5624831937504811 0.4984809928662339 0.5151473625626226 0.63953616108949 1.365148743556364 -0.3682047661083189 0.6005959183410693 0.5229047016758055 0.7097410100615009 0.5427181354030698 -0.6804041586849741 -0.7552226312119569 0.507502550438134 0.6014058287721388 0.4528258527018468 0.6221252065189474 1.950396284242609 1.007977603852599 0.5785785514841584 0.6969412815610887 0.6066769307440776 0.8493051363705171
 -0.5191050886332077 0.921431037516138 -0.5758541592463723 0.4700702741949898 0.4836927972662831 0.60617646079592 1.313172663215261 -0.3764068435840821 0.5714788188761011 0.4921825747410253 0.6795024600044047 0.5092156028055975 -0.6935537606463174 -0.7651796075451189 0.4762293852664919 0.5735171017120103 0.4260415024428014 0.5890483862625189 1.893094284433224 0.9661704850502676 0.5428257169119716 0.6709997299363664 0.5728771775279041 0.8112011919732041
 -0.52731242886299 0.8924464080751431 -0.5829022106770408 0.4492757476535779 0.4636819243418922 0.5861664540808575 1.2706995652915 -0.3802970381959525 0.5428068291718836 0.4733704649449249 0.6584916361916745 0.4866267317772196 -0.7029621591045139 -0.7714359914586294 0.4502236243829837 0.5503306993120241 0.4044229714217128 0.5617749323378347 1.841794278003613 0.9261383989992817 0.5122395401282777 0.6367119562247737 0.5440342763126769 0.7771176835185064
 -0.5323483666867053 0.8651952819897225 -0.5885378785287858 0.4323604767341057 0.4440748966042858 0.5635245283448305 1.235565834574561 -0.3784208934973315 0.5215170652652119 0.4560453785109013 0.6385006936687522 0.4665265731188589 -0.7066802023601279 -0.775027051758607 0.4298651947413226 0.5311503402209139 0.3804718771745136 0.5381670347030769 1.796698077675672 0.8963072025211107 0.4848982945153864 0.6133060727952858 0.5167628229707455 0.7469347569524102
 -0.5355835263112683 0.8386201077720604 -0.592612682651746 0.4148236433952212 0.4301597587350523 0.5476140197978534 1.203739173481209 -0.3857489612248751 0.5017571412385671 0.4363825791203038 0.6184039231202325 0.4440141154720804 -0.7112123339482751 -0.7829511222909006 0.4068903594517798 0.5095549734468851 0.359271455648473 0.5185625133058412 1.762118656534327 0.8732249983571567 0.4619442701729542 0.5913306596581587 0.4931514991842531 0.7185909112349537
 -0.5436619051895168 0.8119760634564617 -0.6027667764726671 0.3962311422061763 0.4082265755606212 0.5236134732161249 1.164106825348591 -0.3885097354256311 0.4823296220299436 0.4210479408244505 0.5999496057325496 0.4253322373674544 -0.7211384116231434 -0.788058733336551 0.3870956901944759 0.488298331070669 0.3407750482811852 0.4937729691309735 1.72348738694661 0.8430576392237782 0.4397792634671815 0.5689886674644639 0.4713984321245352 0.6884751968871849
 -0.5481186108422983 0.7906541344090181 -0.5957009090897535 0.3871711441366508 0.394621929917118 0.5088907620617117 1.1442908623923 -0.3936789699675934 0.4708441183049692 0.406825309544957 0.5881129440420605 0.4106178348827988 -0.7272779606396197 -0.7947784647312862 0.3710711369476676 0.477832524029789 0.3280330031130407 0.4783293956091553 1.694557305457219 0.8230403071564638 0.4180508508461879 0.554495919662942 0.4536071215288402 0.6685990207573146
 -0.551904914371065 0.7778743167666269 -0.6063899506283952 0.3780403505976391 0.3840543382239626 0.5024932298103666 1.120275852669015 -0.3944325943249573 0.4559331879467513 0.3964107688814072 0.5761842402085307 0.396825945478156 -0.7266879528632572 -0.7957422160835951 0.3610960066965499 0.4636965913100484 0.3173615094381725 0.4649071288318518 1.672991357134166 0.8036550830437951 0.4050551886743616 0.5404437325572322 0.4378412167498356 0.6488115179728098
 -0.5495567505498905 0.766546292244622 -0.6059465251454552 0.3692410746466435 0.3771031630336829 0.48892032487648 1.105261595521382 -0.3913431518675251 0.4484984241533848 0.3904793894052593 0.5695474025338313 0.3916658868817618 -0.7297355633214704 -0.7960709312395816 0.3494254758954427 0.4533839214200434 0.3051056862274486 0.4526639635236019 1.651992788916703 0.792899509725923 0.390266952305369 0.5255169698764566 0.4270347450031022 0.6353205875716557
 -0.3601375521665705 1.305207092982565 -0.3699781197493984 0.7199615270663307 0.6906171545869332 0.8148639498642875 1.469444413596341 -0.1424607688424765 0.6762647360140014 0.5485541350651603 0.7189046007250562 0.5579909964544233 -0.52450354513193 -0.5619720258196489 0.4759654753111097 0.5449684788740872 0.3903461533707304 0.5507027895842644 1.800003683831405 0.8931870908672227 0.466539547972649 0.5808696813688681 0.475601882300906 0.7100681411090268
 -0.4704125135342954 0.7717022958417413 -0.5279597556373555 0.3688300532301863 0.3751772741849717 0.4882187586937863 1.111580113455518 -0.3141045302532318 0.4440445738466511 0.3853738127779887 0.5632612391634677 0.3847363133239056 -0.6514238030932702 -0.7229307597937614 0.3414273789728606 0.4481973537862387 0.2986947128983802 0.4464945754783759 1.637728392728909 0.7737049942410373 0.3748590571214753 0.5100246111959587 0.4102862650602165 0.6155793310866754
 -0.5226259053640651 0.7400098340025447 -0.5823225015401373 0.3499453674614449 0.369058976382463 0.4764429069498514 1.06842811151338 -0.3698690668411555 0.4248614553520542 0.3678761715761418 0.5613987361785093 0.3615985954009747 -0.7055702200983904 -0.7811902633327079 0.3199697413193148 0.4296660814568741 0.2794094849492163 0.4242637076167095 1.601288950628764 0.7529084150118412 0.3559221515763995 0.4949945946781083 0.3888918609777004 0.5951773460565142
 4.676032926369358 13.08669768121885 6.588615413781948 17.67624592206915 17.56500272807235 16.58603931206922 8.970556924738789 5.658680422843282 11.33931068425809 11.81599396135962 11.60911111874118 11.16357049461538 2.931556894762331 3.614326808653727 6.685495237189409 7.230071361340725 6.926785904866898 6.849796964413831 1.983145786656506 0.9806391843211151 0.5047792980414789 0.5989489244942969 0.5062112028234527 0.7740003006543668
 14.87867708117888 19.70606655704585 16.20069316343755 20.63191500002809 20.60679767959087 20.38829154415321 11.88875635495091 10.00355056709004 12.22725347947074 12.5121699374736 12.34258760548788 12.08694245222401 5.186100914235223 5.772470809355053 7.168538918686852 7.552360812565275 7.255293981440676 7.23345559552181 1.642223710914508 0.7635324302434093 0.3613108386133399 0.4933950881296754 0.3878640144744361 0.5978485739965429
 18.4042249403095 20.41340689221379 19.07265607753479 21.03517286014254 21.02160756741607 20.8863065712846 12.48169509198884 11.34803520488621 12.4714890753389 12.71326481048617 12.5520857632759 12.337311871902 6.041074973855723 6.452118975176661 7.311981771486456 7.682475385562464 7.385323007640474 7.383554611399232 1.577423285729374 0.7250005431281377 0.3323841669052973 0.4684815302424688 0.3648812347762344 0.5621710087084848
 19.8904817372452 20.7046280484498 20.17266488296592 21.2205869812384 21.21386235526172 21.10153821008234 12.72680470257378 11.81103399368723 12.57676225270354 12.81027680280094 12.64608101035257 12.45151343652632 6.388296033411478 6.6849352918161 7.383819981291202 7.744575569765829 7.445487775583212 7.448707740164005 1.543844296494315 0.703937708747417 0.314689728648188 0.4566199701071239 0.3475491787097372 0.5451280480685012
 20.55884978127583 20.85603210356721 20.64314000375955 21.30651834787945 21.31002874575936 21.22289868472159 12.86366138444241 11.99112663013598 12.64274735061046 12.86280752892858 12.70318863939358 12.51762795687883 6.523901157025319 6.758731177932455 7.398651870201101 7.760656480267174 7.46159583958369 7.474868079674505 1.520669940669396 0.6922112133602369 0.3027561464969745 0.4412332757926048 0.3316267344510335 0.526896194713796
 20.89554966298059 20.9685914950254 20.85539578332983 21.37590025840829 21.38444658333898 21.31516587334728 12.9603423957047 12.06643866441183 12.69753589417907 12.9105519959497 12.75463136381798 12.5659547991547 6.583155057606591 6.78952932890388 7.424767657093557 7.780386176378676 7.488713813004845 7.501866498442735 1.503421708924257 0.6804758186920078 0.2899110719041115 0.4300029727890651 0.3242180561804726 0.5155386783776762
 21.05448701326033 21.04737799333114 20.9641578238874 21.43309073856057 21.44503014236399 21.38153295224715 13.0205514512343 12.10180708488574 12.73132501189541 12.94433824607541 12.78147396960789 12.60402582271695 6.610732518754736 6.798652488035028 7.440927731636911 7.790999290505196 7.50012738389046 7.514712877037828 1.488619352728075 0.6618490606149815 0.2815557021350219 0.4202876181796514 0.3132217209135367 0.504578401467474
 21.1344852487704 21.10075553656855 21.0186363804774 21.4659025462825 21.48303061759898 21.42531401636693 13.07854085163493 12.11683045249829 12.7520701780369 12.96415287714998 12.80590096287428 12.62863815003815 6.63017389475458 6.81138349064194 7.456998273408264 7.811949456957807 7.517899716115891 7.53177393282253 1.472884595033784 0.6535988412004364 0.2696058902501248 0.4139830353460137 0.304546860351756 0.4916613528721698
 21.19065000897362 21.15686800022705 21.06532165003775 21.51846694335916 21.53665844893732 21.48183589374605 13.12219041599491 12.13426904864662 12.78330567133415 12.99182131263755 12.83359580656524 12.66414941063927 6.648018826565268 6.819985108962521 7.480853440901668 7.831091729976979 7.537077438536039 7.55671285559987 1.464886793751739 0.646557387969287 0.2633916567008838 0.4059366633638831 0.2983462638539394 0.4829536184398654
 21.20433998283996 21.18528124014566 21.07858940932805 21.52864429572917 21.54461601175631 21.49326754512726 13.15189745494231 12.13585195452909 12.79865987314059 12.99731372363122 12.8395946779241 12.66721178776735 6.633231770802912 6.817293668631682 7.457051360387251 7.808914943209062 7.517452998206749 7.537052597114025 1.448932651034722 0.6374493231358365 0.2580302272413312 0.397993106892111 0.2884898933856416 0.4711416391677213
 21.21584715239941 21.22712804130213 21.08666545103416 21.54562126974202 21.57114321530739 21.53257495937418 13.16865597483051 12.14160231001013 12.80225335669412 13.0110675394028 12.8670522019239 12.67984737801771 6.64242398933014 6.818612101627565 7.480933288628949 7.836090779881974 7.546537012505244 7.565287310906903 1.441634715924383 0.6289554765497642 0.2485873915354802 0.3902659625013067 0.2810171407292543 0.4622112173154997
 21.22943482528871 21.25340409944088 21.11189299494166 21.57312817982354 21.58051654724796 21.55757852867576 13.20248131994812 12.15252789033247 12.82007187259084 13.02432095499255 12.86595444855647 12.69828218420973 6.650093700311221 6.828132315210571 7.502091920496922 7.855183919389112 7.565777366563186 7.582433630368627 1.42968693795268 0.6197940273357816 0.242149827953172 0.3843487860144411 0.2741420841680958 0.4541281658635187
 21.23818190118437 21.27593015406639 21.10808085123985 21.58836274924162 21.61497491594581 21.57438441549599 13.22379032004118 12.1582660577179 12.83405257628978 13.0398177135249 12.88103500800024 12.71148754229213 6.652506973997961 6.829465951481779 7.504760357116692 7.855298456372974 7.560481414345034 7.586042533995269 1.422494155669215 0.6140898246139249 0.2337061584258314 0.3758220432846158 0.2670166790211485 0.4472328968239401
 21.23988213595132 21.30613143375367 21.11981676027184 21.59976561929766 21.62821034152963 21.58841756778018 13.26056682208237 12.15730601142235 12.84805028607519 13.04765279745337 12.88962549454292 12.72459688712565 6.651336451669745 6.822446172714593 7.487549868231035 7.837305250882367 7.541950878398115 7.566872491238851 1.413394900812331 0.6068550429420349 0.2296158666087835 0.3725772100275652 0.2621134436831168 0.4402828065745225
 21.25403025431318 21.32733295180772 21.11718918385267 21.61432615342348 21.64116800529327 21.6145005891696 13.26115789747738 12.15820344346264 12.85493675953155 13.05596654954035 12.89177986585632 12.73774385810534 6.672551223229791 6.830173675695969 7.500531261105701 7.854797367736902 7.560785086086267 7.58620977796815 1.400302259513161 0.5983025528374724 0.2217202751158543 0.366703770643195 0.251587912120637 0.4323461872745115
 21.24017243834843 21.32623939521089 21.10452369029591 21.60308755428403 21.64327360890864 21.61514570044671 13.26560374927227 12.15486453003893 12.85831025918294 13.05438895101816 12.89916284339346 12.73714085964169 6.650129894413089 6.825384016556651 7.508804584541218 7.858778205973206 7.56268657340958 7.585499013156396 1.388604361396775 0.6025327584506299 0.2117488498414326 0.3539621980840481 0.2453689832545524 0.423858412747143
 21.24656045013758 21.35075319065081 21.11532472043571 21.63227211356942 21.66302228375121 21.64338482390531 13.27412183855828 12.16001940079549 12.86948311869728 13.06390291168142 12.90379685964962 12.74489296723986 6.65270006515591 6.834312257345291 7.508924738602039 7.862674816727908 7.579011352321679 7.590266423079408 1.377932666972528 0.5860297949189175 0.2275214308576655 0.3529525256852813 0.2423412219181524 0.4168805069356927
 21.24929896561057 21.36521661206313 21.1291863973598 21.64274276656123 21.67236821622397 21.65519504384178 13.29025233634758 12.16521844419288 12.89047933483096 13.06622623965326 12.90604572916605 12.74735152216105 6.657963468642668 6.831208142243429 7.507656528655332 7.857632462133218 7.570071935552071 7.592971898017981 1.371829140540633 0.5781137660010782 0.2032637149159066 0.3476667505608935 0.236644468740226 0.411914533157654
 21.24938195838703 21.37657746248134 21.13567636354428 21.64642448712173 21.68556955296633 21.66416646394583 13.30500492796013 12.16561525869928 12.88974072403725 13.08083113036662 12.91869820295332 12.76032369320591 6.661405737752606 6.832964286046538 7.514787583519163 7.867461913484606 7.572583577064707 7.600967695748947 1.364367167806452 0.5740354603617107 0.198987607800507 0.3426170584353835 0.2328628501459125 0.4068507666081255
 21.26432780976665 21.39216252711218 21.1455225045363 21.66971820548238 21.71034693323175 21.6868337271427 13.31476330670187 12.1702527778209 12.88604837933274 13.08555291786648 12.91975512869473 12.76036845068009 6.657637430356171 6.830527558730251 7.515482302838012 7.873757774990052 7.576418516490507 7.601903108856725 1.356185874563393 0.5705667648663427 0.1932141494417494 0.3474546775845411 0.2294989659976947 0.4037182741781398
 21.25419629034068 21.40578456071815 21.13784028492501 21.670684038811 21.69973509272374 21.68648807320151 13.31511960685379 12.15891309244629 12.88161912546898 13.07911459872966 12.92039852306856 12.76356907089403 6.65481228279335 6.831766259232047 7.514373450067313 7.871175800687985 7.574130575859672 7.602308020136422 1.346699943714352 0.5559444415736884 0.1871692876358905 0.3337261212178515 0.2201155498958356 0.3930418882560986
 21.24158255496127 21.39580856992112 21.12952567519322 21.65168558516724 21.69729041471378 21.68488952363607 13.32094072163459 12.16233674480959 12.89453062206474 13.08575629210165 12.93932605308184 12.77004023299276 6.65715443338789 6.839706167190648 7.517406427761541 7.877632112417619 7.583444752188691 7.608523662074089 1.336277736956802 0.5536771250663035 0.1845183724451745 0.3300988663589611 0.2177973469517354 0.389834947619251
 21.22732133483544 21.4219704324712 21.13088286023005 21.66409998826061 21.69861629438716 21.68052675157825 13.32186761690203 12.15557396479843 12.89052698876425 13.08878473517489 12.93099680642481 12.76988344813507 6.647427820452488 6.825642484037784 7.504400070805083 7.853036618470642 7.56766671888172 7.593529831887993 1.324848070538631 0.543493729586238 0.1709301763330356 0.3211121691793161 0.2120277900835673 0.3807163899232998
 21.23337247865384 21.40433391671614 21.13122217491622 21.66581157612981 21.69563322304425 21.68247040974215 13.32305605221372 12.15672167621646 12.89021724171664 13.08347418809863 12.94837550845977 12.7798548239859 6.644316662404147 6.827887383150452 7.509939438464634 7.864351446771492 7.568512434472748 7.605282597399511 1.317899685381287 0.5377315085609127 0.1705032901840915 0.3190026767201383 0.2044083771399944 0.376803598914623
 21.22417234794295 21.41405136705229 21.14764533058708 21.67107916954802 21.71067866916537 21.70140137989414 13.33280580330256 12.16438309175136 12.89710512015908 13.09683433579849 12.93062880408533 12.77922715157282 6.644943626911016 6.825533654717279 7.504346696312842 7.856630054860886 7.561273623480215 7.596417707887157 1.313784042633817 0.5349766574945504 0.1650840390710321 0.3131755777729921 0.2010819848841038 0.3733835232006349
 21.23018083108842 21.4228505726053 21.13279160122763 21.67459187928637 21.72607064694472 21.71477065946889 13.3453259925992 12.16402808606287 12.90533306127305 13.09452741215089 12.93127281601881 12.77275071588344 6.649369850269597 6.829724536551777 7.503345984670784 7.86333396768669 7.57086500812585 7.603285469315532 1.306682922260863 0.5302526050993343 0.1594802305036377 0.3105545898680832 0.200346767530937 0.3660900021907718
 21.2268240843465 21.4251391653957 21.12447967784619 21.68153178728078 21.71470152663439 21.69716368245797 13.33908801748738 12.15467674610296 12.8851671556489 13.08112477336202 12.93051380580397 12.77588762508804 6.641254839093129 6.832705607632284 7.508323984739973 7.865455038853959 7.569556476674435 7.59891572145284 1.298960412789477 0.5260710669863407 0.1569659632676902 0.3071867014252762 0.1955253978364793 0.3651941598570362
 21.22603680330991 21.44522250816551 21.13936793931751 21.69111213369168 21.73503898442275 21.73040434073118 13.35292559829263 12.16269169622498 12.90304295814724 13.09721886817549 12.94678615022589 12.78842155951597 6.647536369549603 6.835864717469764 7.513585314539056 7.873456506849679 7.578085251929291 7.609795269170928 1.295934850156727 0.5252274069631685 0.15395048190303 0.3038023161187962 0.1945635610971792 0.3584971694518238
 21.23204600081176 21.46255157719525 21.13784028492501 21.69379391790658 21.74347224173421 21.73248423995044 13.35785965778441 12.16419514614427 12.91626501962214 13.10520648316584 12.95185444615706 12.79376224038722 6.646595656242569 6.833359125365926 7.512156164422947 7.878321056446983 7.583047640370314 7.610941271002151 1.293636991584688 0.5206575461175704 0.1466139436304854 0.2993508356358054 0.1898848737403513 0.3516928662099976
 21.23959183892477 21.46008114005662 21.14705091022522 21.70742972556532 21.74916621713656 21.74353836316072 13.3639168673332 12.1592053140862 12.90898385245406 13.09930009054038 12.94015471050711 12.78676152671522 6.642677125276592 6.828540550165667 7.509792566752934 7.868594559874141 7.569212854183366 7.609501805000585 1.286491993832332 0.5157916628983037 0.1454750612809265 0.2959342561509317 0.1824163300062547 0.3459586419957019
 21.22993215854659 21.47349670290588 21.14726320061612 21.70791379392649 21.74912464777903 21.74588024287489 13.37014428915645 12.16231586566925 12.91542924261299 13.11193124995237 12.95130143111856 12.7945702945849 6.641978006041707 6.831684581407615 7.499651011560067 7.858763883282869 7.566649324949537 7.600255731834083 1.28344990719089 0.5120763374221075 0.1412697359198459 0.2933546515359031 0.1786176426351312 0.3429058627189219
 21.23212890239111 21.47009761106534 21.13758569038159 21.69739965972909 21.73915118838035 21.73807534555144 13.36351136521762 12.15281994329425 12.90476049289362 13.09319322688024 12.93967131965109 12.78498959906075 6.635869160226877 6.821154369988203 7.498130788463733 7.86405049038247 7.568552079384046 7.599976546096484 1.273306724105686 0.5094510950973834 0.1366754130249555 0.2885114678154932 0.1749963882081665 0.3376099483860884
 21.22263951732814 21.48409594003357 21.15227409109105 21.71191893054002 21.76380548164104 21.75720429162068 13.38490295513962 12.17012741390761 12.92476950362196 13.11551034116716 12.95395153970121 12.80330546078971 6.643665632281613 6.831766259232047 7.504013113089091 7.877388123928645 7.568631369742088 7.597701514123815 1.275643121976732 0.5034900248445326 0.1363867142669453 0.2892896130274816 0.1751426996765653 0.3366467583574059
 21.22458665220467 21.47627831874967 21.14891916464316 21.71645344679269 21.75810618893485 21.75967845460203 13.37749740591484 12.16175214377606 12.92080315046884 13.10876083537738 12.95164706235926 12.79598452865685 6.648525435574095 6.838548110385116 7.522325551387759 7.880660985344877 7.581234390471736 7.610647768452474 1.27022962800433 0.5018150129490646 0.1300439973204006 0.2831375535142673 0.1674599130930472 0.3292265484679605
 21.23229470686408 21.48842599416563 21.15129726603992 21.70681366009065 21.74629819000839 21.75099890879226 13.37479913290258 12.16185653455189 12.91963261976879 13.11351678562565 12.94729287794899 12.7910242646909 6.645992689034856 6.832201886847563 7.514466962365762 7.884093013336953 7.590463345895578 7.61640780488293 1.264612852027435 0.4943347732452773 0.1285845365746653 0.2824952941102577 0.1634509479076164 0.3252897676460648
 21.2169237945158 21.49381811752389 21.14216902703891 21.70707768519855 21.75702480512176 21.75013121996776 13.38182071983794 12.1586834951454 12.91755462281159 13.11061768625392 12.9475692844286 12.78987989794821 6.647210726370226 6.831262591153766 7.497797441413789 7.857131244663078 7.563029941289696 7.593892507971508 1.259903674587616 0.487336986401697 0.1237811922562737 0.2857306755104311 0.1619678129505069 0.3186775026459023
 21.22313663516714 21.49377391236055 21.15027803541891 21.71874321334262 21.76725934541108 21.76072032491559 13.38772307758994 12.16711910599509 12.91753073996235 13.11519316145027 12.95010332432033 12.80514766973705 6.646161515589599 6.823126143602392 7.500531261105701 7.86773430921289 7.565988742485063 7.59626422191234 1.25651213382501 0.4885788467556685 0.1216218453748869 0.2828489922811531 0.1613229008364267 0.3164992685579955
 21.19565311413823 21.47521859818127 21.12791417111998 21.69405772465585 21.7507459343964 21.74739831587357 13.37420225419224 12.15186036967119 12.91614561920324 13.10821742364263 12.94224964231754 12.79414381432652 6.641423572604563 6.824649465413338 7.501411598949889 7.871620421747624 7.574170246068207 7.605520048503227 1.249617376442265 0.4877605331066789 0.1206729233949085 0.2707718584943938 0.1548641362172527 0.3107078874062574
 21.20558135722217 21.50385586960138 21.15104245215341 21.71491244525001 21.77208770649175 21.77118630051826 13.38667142679219 12.16998115780375 12.93115197769285 13.12169709732989 12.97215029246392 12.80132879038863 6.647355455149224 6.830963126234029 7.493664989823677 7.864036159374586 7.56325445829903 7.595343362558689 1.250034115950066 0.4870193491779105 0.117517124539681 0.2688360175246439 0.156472185916527 0.30685693927826
 21.22727989669261 21.52262177347606 21.1739498210438 21.74090950375678 21.78516503938559 21.7835286706698 13.40374857243638 12.16480076008778 12.93682027459662 13.12543796201205 12.9579624461001 12.80429392578129 6.650757283055937 6.835987291544625 7.512583549427857 7.878522008291996 7.580744744625679 7.602852585508971 1.245825654991219 0.4829206954342888 0.1105157549005136 0.2659962456821575 0.1493714247376814 0.3023821295726695
 21.2251252641067 21.52505765162681 21.16548846095605 21.73857241995707 21.77941633425518 21.77818200868756 13.39781418195731 12.16828890633264 12.94016994211077 13.12491643506722 12.96381999308914 12.81202490891051 6.65032293219642 6.834434810227275 7.513251380138903 7.885242098765222 7.583087350746969 7.612073444351211 1.242140761751022 0.4813821355641129 0.1154278263978095 0.2648366590963073 0.1464606569243946 0.3020759736391053
 21.2345332387746 21.54185320407905 21.1763742703116 21.75396827359678 21.79337517390612 21.79670753668333 13.41275163183662 12.17618829472992 12.94905125739417 13.13896057365821 12.9692420698762 12.82331625404807 6.661152049859199 6.840373820741401 7.511675381152839 7.881565536445013 7.578826124455864 7.611360577411104 1.240424571588769 0.4804448005877174 0.1071016644434549 0.2633666792075026 0.1449636646627131 0.2967928501229851
 21.2251666965576 21.53897144181058 21.17480046220269 21.74624640958227 21.79575149614195 21.79679456287897 13.41294326172812 12.169354367824 12.93710735092426 13.12573274858511 12.95641784880389 12.80973203048723 6.656309253951576 6.836450364262576 7.506788911597938 7.879354570406716 7.575400111151541 7.605324500067808 1.235902821918863 0.471896480694378 0.1038108845595942 0.257815153657356 0.1393878217133123 0.2910902578715375
 21.21390110231491 21.54721910414079 21.17352451781199 21.75772025862743 21.79983794366156 21.80454183801311 13.41212885640458 12.17138111695387 12.94239561502608 13.13807521805742 12.9644889604105 12.81573496268859 6.656405841683812 6.840210309159993 7.510006199145709 7.87510643099121 7.576537558565481 7.608845039848927 1.235808366030112 0.4763705750276741 0.1055053241725716 0.2585933033683146 0.1404987538121916 0.2916153597849871
 21.21253487104356 21.54207489969342 21.18045840286003 21.75176164067541 21.79508442201286 21.8014946980793 13.41133845848841 12.1687276133457 12.94684824658168 13.14652292647278 12.9637738588647 12.80734972840886 6.664160545037102 6.844339888221556 7.5192775089114 7.886420062043952 7.587920115456923 7.614240356702464 1.231196314423374 0.4713015075143045 0.100844740092624 0.2550323801355907 0.1357660781332356 0.2858612404481758
 21.20752637476949 21.54899335291445 21.17271647353125 21.75017305623457 21.80238208580911 21.79335739704687 13.41272767832127 12.17733814663543 12.94629755944728 13.13646359190755 12.96914975754505 12.81054122854414 6.660499743909836 6.844912454972855 7.512142808976681 7.881120428624787 7.583100587578948 7.612199250418837 1.230016824707333 0.4645073730359643 0.0980459720908568 0.2534819041326589 0.1344782366861482 0.2837062855876978
 21.20409171976087 21.54704169012892 21.17148322326826 21.74999655673538 21.7960850438343 21.80323584807386 13.4222890335552 12.1732201383718 12.94790180808908 13.15852388829281 12.96160576175501 12.81128304436464 6.660197767163518 6.841150541409613 7.504226604891897 7.886879796425814 7.582690255031896 7.611556260601128 1.223444965609045 0.4651638601167714 0.09398267935154016 0.2500447565052897 0.13072427462342 0.2822050223456193
 21.21754496782693 21.56119666346923 21.17522580013071 21.77370930654607 21.81126896295366 21.80780729087028 13.41960435418588 12.18285909890304 12.9509912121883 13.14229829629525 12.96605772802434 12.81838896075384 6.665139438937202 6.840864373348158 7.502171961793054 7.879368925594643 7.5788658158136 7.606763279922031 1.221292324325676 0.4613746385277971 0.09246649378264317 0.2444845045723718 0.1251358887292925 0.272726154232109
 21.20388483686542 21.5361788465776 21.15456774637408 21.74505537309696 21.79779458697157 21.78670275944432 13.44784831857374 12.16536463735518 12.94591448821175 13.13684945364876 12.96571165771157 12.80714748062244 6.65461914420283 6.833222971914825 7.496450848245872 7.865670039929639 7.565235738925151 7.59287426324633 1.214933898160043 0.459325501093292 0.08889921404567233 0.2464943744048835 0.129105585946488 0.2742341835060466
 21.20607793450394 21.54713039688793 21.1604308393257 21.74236484427616 21.79537626345716 21.79044292545186 13.41155401625108 12.16375661881107 12.94332908925986 13.13455717108519 12.96428134564433 12.81479046974698 6.659799174088562 6.835987291544625 7.498064118040653 7.874876858388546 7.573799997736078 7.606833129617907 1.211788200540861 0.4550479230935174 0.0871701237521935 0.2413672985981674 0.1211179017100076 0.2688415572050442
 21.2050020369425 21.5531636153056 21.18062859819096 21.75507170590791 21.80642853782513 21.82187831567223 13.42770821201157 12.17441148579084 12.95468041892771 13.14357006463605 12.96843436242079 12.81555505318277 6.664015533188988 6.841341325182973 7.49706412247729 7.878995698075841 7.577251844795842 7.611416486448121 1.207953913841389 0.4536515422966725 0.08562918539829023 0.238782608795109 0.1209170853341428 0.2678863082211607
 21.1996236566583 21.56426005182151 21.20106548903918 21.76571275605172 21.81206193338198 21.81303343625719 13.43178624200747 12.1730947408399 12.95630979385144 13.13575999502277 12.98945344418005 12.8296416372552 6.662166846318524 6.837853347978726 7.497437440823112 7.871663450746732 7.565830210067916 7.604947383268104 1.204760870583348 0.4490777025616043 0.08064780213192688 0.2402224895932847 0.1217671063627431 0.2644042345060937
 21.19284125510959 21.56648026634281 21.17258889140824 21.76111988667866 21.80509351058641 21.8193942723341 13.42931526570576 12.17240507981019 12.95470437866105 13.14241184132011 12.99914454739762 12.82847083674526 6.664837299309237 6.836259684368728 7.498090786149098 7.866888475490122 7.56824813962528 7.601847260493964 1.201898219727116 0.4502817048141424 0.08207565338616907 0.2373108407702834 0.1201185681396031 0.2619781469387668
 21.20218850011841 21.5708327838597 21.17577875672889 21.75908885189464 21.81323059434152 21.81908924161271 13.4376419022228 12.17236328355325 12.95170979654766 13.14170788024378 12.97503616994193 12.82777291721305 6.664160545037102 6.839828793713619 7.499157576950521 7.879153600155961 7.57678887489506 7.61109501435601 1.202864771635434 0.4498851173871642 0.0807191851062956 0.2379290241724629 0.1186059306612853 0.2619354276256957
 21.19660429831251 21.57416459490101 21.16986738734998 21.76363696670979 21.80797230453304 21.82331662658664 13.42607739838419 12.1752057886512 12.95870635040724 13.14697728022739 12.97970129821193 12.83973355940838 6.673591560073491 6.848457728219778 7.515134936310023 7.899157550195807 7.598574791734617 7.625880945375889 1.196726053508762 0.4487576382785775 0.07898843241864482 0.2382427576848037 0.116622440582492 0.258689793735923
 21.1961493769386 21.56790136591281 21.17922454208168 21.77432799322558 21.82195656072303 21.82933281641337 13.43149833438551 12.17706635267802 12.95976099258059 13.14938565490314 12.97741468409007 12.82216861025014 6.668064699003273 6.84225441792247 7.500798020824331 7.885242098765222 7.58329914244436 7.620198631306553 1.19664169168468 0.4477068210047685 0.07837745784425991 0.2323357946500449 0.1168464196726448 0.2578407614397271
 21.19598395425885 21.57856365161794 21.18399033541459 21.76513857421388 21.81277146716809 21.82920200504248 13.43584169440525 12.17604195851006 12.96278163615096 13.15022643276406 12.97649093012634 12.82684992853296 6.664692276055912 6.840619093695478 7.500291184291482 7.879268439755202 7.57378677486918 7.612534742094842 1.191273523473267 0.4398277617095862 0.07245884818417625 0.2363099107406751 0.1129934833018006 0.2535692606651237
 21.20276771641446 21.58087475339206 21.18675686348763 21.77941098092661 21.82960098085116 21.8268475876176 13.44057083259355 12.18193874897876 12.96170274435306 13.15038550576108 12.97630618834727 12.83013701244125 6.669189133715918 6.848607751399642 7.542699694484632 7.893261010220392 7.591735236270888 7.620940202299428 1.190398101422935 0.4424798092105279 0.07175068458289167 0.2277707482933529 0.107983422984338 0.248624238523565
 21.20309870676589 21.58380855718289 21.1837775458226 21.78201941043042 21.82755374974291 21.8365727528085 13.44756001516571 12.18459542182187 12.96469991441473 13.15452217616027 12.98369820371301 12.83793076968806 6.677318449209224 6.850271812820926 7.500784682645823 7.880230278356809 7.578746742276787 7.611793881777454 1.191273523473267 0.441291942454592 0.07437896151422652 0.2275589478009289 0.109879676205019 0.2524841707058763
 21.18874842110081 21.57558637950857 21.1683367494124 21.76527107585924 21.81101855955497 21.8251909880078 13.43406576102011 12.16649247811407 12.95968908210581 13.14284332264269 12.97471291520054 12.8196037102118 6.657685731544732 6.841436718589421 7.492932016195057 7.871677793791714 7.56716461367804 7.607461801940675 1.182432581032872 0.4375250252135186 0.06684971161201884 0.2234397885678826 0.1043792252749824 0.2461251121912455
 21.18767371265467 21.58536458119157 21.17105798710375 21.77600740797742 21.82116309078513 21.82950723327809 13.43324988208165 12.17407705953394 12.95671717344299 13.14625032283775 12.98208078935774 12.82430647177124 6.662686371780984 6.843453844950939 7.498104120233715 7.887727492624479 7.581141752684387 7.614953457914287 1.184068636816147 0.4385260881766834 0.06776633445027018 0.2267670757001965 0.1032202769043631 0.2421044409595487
 21.19350282360343 21.59021145707285 21.18454360189793 21.78825486214577 21.83482471715095 21.84547461971335 13.44967440520329 12.18746199632709 12.97540014656797 13.15304462306823 12.98422969011105 12.83220881663901 6.673833516892634 6.85151323965044 7.505667810387732 7.892053410155845 7.588714796161778 7.619513083727965 1.184886861592419 0.436710018018092 0.06738809609724034 0.224843152367125 0.1019220092225145 0.2418727566837898
 21.2078160788839 21.61255278810443 21.19752970111991 21.78922799176787 21.8353262871636 21.85211068035199 13.45073174356865 12.18292185282017 12.97816077960987 13.15834196208321 12.9882744226308 12.83682670290077 6.678480406804636 6.848498643384045 7.492132478442564 7.87697192338623 7.572649682567167 7.605268629887947 1.182932690949565 0.4353281376219787 0.0652215596188863 0.2211906074988963 0.1078902591834132 0.2386349953875697
 21.206864214041 21.59532673015318 21.19058824849209 21.7879452425777 21.8377507678253 21.84975280991422 13.45736631949883 12.18582984104037 12.97763260759109 13.15627275392276 12.9867719253617 12.83376291899921 6.673264929153564 6.845825910815865 7.499144241265055 7.885227734301124 7.579170122163035 7.612003552871738 1.182727032335171 0.4319560046166375 0.06447883431854101 0.2211860089586413 0.09753175580374003 0.2358195613358826
 21.2117483070424 21.61411161728314 21.17433260384044 21.78776831983776 21.83340368900931 21.84324867768243 13.46066096685585 12.18687606675199 12.97136840459808 13.153999327982 12.98159560994215 12.87546546640962 6.669878375992393 6.846862182127417 7.48741668862633 7.883102043777752 7.578561519973493 7.604654081424563 1.184283700324409 0.4328655003634702 0.06138902664822187 0.2174809281421574 0.09411146963786587 0.2330717461993073
 21.19722466692502 21.59937563043261 21.16978234797866 21.78626455663343 21.82830576283943 21.90963915231165 13.44626273776859 12.18049562700045 12.97189629092041 13.15229455337015 12.98552384790102 12.8356326295637 6.667073383797378 6.846875818073014 7.485206202602262 7.886578093116293 7.57402478951033 7.605799410982707 1.181357744433219 0.4283243899944665 0.05870087935353153 0.2137280167920362 0.09110667422753038 0.2244977998057905
 21.18957517007658 21.59781823952462 21.18088389465905 21.78104672527523 21.83624587374865 21.84372875601846 13.45431298571344 12.18122762188707 12.97012076897538 13.15424938284108 12.97616763398459 12.82435148372941 6.672381877967053 6.853191484780065 7.487230240577559 7.883403631775707 7.572834780613501 7.60823024048663 1.180016853019213 0.4299947088188986 0.05750167299948085 0.2141137461233843 0.08833102089549195 0.2196606300085801
 21.19937546827564 21.61010350684648 21.18373498825148 21.80046756321163 21.83766715881983 21.84691510405203 13.46094959329404 12.18511846401219 12.9821708710699 13.16316397891071 12.98325916848086 12.83051981722722 6.672285110741106 6.847939485598688 7.483249189135278 7.886147105750829 7.579183353112285 7.607377976357988 1.181142804303118 0.4288382763568021 0.05673788295828096 0.2120247266754782 0.08596965859606832 0.2199760613056841
 21.20235398830448 21.61575968790902 21.18262853203192 21.7895376365054 21.84314448801667 21.83731438144467 13.45719800476018 12.17606286356588 12.97703244135737 13.15645464741067 12.98171112697152 12.83227638186462 6.67126912053499 6.853027739751031 7.47348396658483 7.877919166083966 7.569543260176844 7.601316718807308 1.179970138422352 0.428414792198997 0.05544148128396052 0.2090327169350022 0.08731025832285477 0.2150537727681902
 21.207153905918 21.61887812475237 21.19859461343329 21.80356649012402 21.84347904322504 21.85940486370868 13.46361972535244 12.17204981665755 12.97436807891154 13.15227182474898 12.97981679598327 12.82946150620627 6.665816270202044 6.841341325182973 7.470585763425505 7.872179814629934 7.569926546660051 7.598343487829062 1.171270008457138 0.4194441931458052 0.0489024063592861 0.2044471435327879 0.08013358661180774 0.2108035050502972
 21.17598069131093 21.60031013793064 21.15078764242115 21.76363696670979 21.77595979356359 21.82331662658664 13.45380818051457 12.1599985260288 12.95769973618641 13.1365997769252 12.96559630328457 12.81242958283803 6.65574182292943 6.835687668982427 7.454516816405707 7.861084453779622 7.553341547076383 7.586195840848332 1.167615161005321 0.4163957663662511 0.04529048260293957 0.2021833871431195 0.07698424226773209 0.2142918511626413
 21.16541077449272 21.58923306993282 21.16340571274054 21.76147313682898 21.81197846092567 21.82501661931912 13.44941008554507 12.16513490611032 12.96175069296365 13.14036820244456 12.96774208746735 12.81281178819381 6.655548663463039 6.838997691175263 7.461790670130038 7.864394441355409 7.559161224216028 7.588063612714763 1.170649804909319 0.4156173310925395 0.0438375808401671 0.2029210599721105 0.07501689239923819 0.2080831110412042
 21.17189226009868 21.59697286238732 21.17335439975734 21.77225106967109 21.81460805637203 21.82802475198293 13.44710354930332 12.16904098614735 12.96810564160828 13.14345650817122 12.97459746930798 12.82399139308389 6.66149030204611 6.841532113009066 7.469522443048713 7.874503815277309 7.570587424601303 7.599404243155803 1.167768947371141 0.4167565447489557 0.04272161199819383 0.1999755868008156 0.07559544566868034 0.2055096950746194
 21.17024067144427 21.59314697851147 21.16468083177895 21.76421109387042 21.81306363745326 21.83242900521044 13.44885743646921 12.18053745397595 12.96350095323686 13.14836317007508 12.97686042269794 12.82259615019935 6.655162357544476 6.85578451204145 7.461604766511551 7.87025794215837 7.5629110816617 7.593697218982739 1.169474889493582 0.4162676012107608 0.0424957912797032 0.1987301120766147 0.0754288155745262 0.2027827184576165
 21.17577417928984 21.59928663257226 21.16068580629736 21.77600740797742 21.82784619500511 21.83282152366104 13.45626029553705 12.16849781226481 12.96884927872137 13.14818140451252 12.97418187380976 12.82333875803276 6.657830636737835 6.839747042512259 7.459055629327913 7.877273308082378 7.571909329277569 7.602419723093838 1.167685063323013 0.4170746204344903 0.04173870166833733 0.2017069345810185 0.07544732975965679 0.2038526846346583
 21.17403958582421 21.60022113485903 21.1639157478777 21.77865947957377 21.82266654147083 21.84115396291938 13.45017903204637 12.15928880740141 12.97429607762443 13.14774972281643 12.97323529638033 12.82318123108101 6.657202731864241 6.847407636094902 7.451823838332613 7.866372412242773 7.56211872515204 7.587812694809076 1.163939651556332 0.4149623978622764 0.04544111227545323 0.1987850530898319 0.07237952414182779 0.1993021787192387
 21.16891952594626 21.59737329860698 21.17701234573839 21.78652991619759 21.83340368900931 21.84839937826003 13.45888126110795 12.17177815252976 12.96923311011838 13.15322646551356 12.97069608807961 12.82230362111813 6.661526544140631 6.846780366888455 7.463437417340028 7.873442160996874 7.573614879405762 7.600646606818582 1.162673170758632 0.4118834351107189 0.03957431973175415 0.1937375256609165 0.07504003326554055 0.2001181581532354
 21.17003423511149 21.60133370892916 21.15941101301784 21.78573385089252 21.82258301265918 21.84390333361428 13.45174111026249 12.16613740473428 12.97381608048654 13.14602315807893 12.97090382016342 12.82041361574662 6.660318556590049 6.848839610332046 7.454954669470653 7.868465517081908 7.563756340554903 7.597882936704609 1.162589370647564 0.4109017820495469 0.03839293369045997 0.1963636309986754 0.07094574046809224 0.1955428465433609
 21.17556766999207 21.65531982344969 21.17692726751097 21.78807793593442 21.82747019495311 21.83482788306097 13.45977108014848 12.18076750516591 12.97463208746198 13.1500446377475 12.97727611620679 12.82763784099078 6.659581767468005 6.84717581411241 7.455419083019569 7.881350158972106 7.573469432018283 7.595985163396212 1.163585750191258 0.4102806398312415 0.03587180206597836 0.1945929204005079 0.06951698449092325 0.1973659192729706
 21.18585514322826 21.62382432333216 21.17999037524691 21.80263674817694 21.8470759612844 21.84922888698879 13.46169524454204 12.17729633174607 12.97928922782078 13.16168531551637 12.98367509617263 12.82390137221528 6.663749684481155 6.850367301103808 7.452885011555252 7.873829506971775 7.56754779664068 7.598176011890462 1.161672315180286 0.4122249237409071 0.03469128563739214 0.1943504677696614 0.06963256469464003 0.1925870029590603
 21.19705923289363 21.63465783753239 21.19178042627946 21.80657745883544 21.84398088938323 21.89369374749391 13.47288571724202 12.17574929187414 12.98514932252179 13.15502231404964 12.98478431111724 12.83662392684163 6.664752702114435 6.845103318666749 7.444942600718917 7.863434277461257 7.55707572735503 7.59039191630921 1.160243527691049 0.4131024641740872 0.03646879793827853 0.1963315971897123 0.0715330803360068 0.1969393840531137
 21.17850035727072 21.62311126327587 21.17492806236666 21.79599732622235 21.83373803701637 21.85455625492272 13.46181551532185 12.16688933831801 12.97873699474393 13.15188544506135 12.98453010646263 12.82847083674526 6.661164130065448 6.844162672575455 7.479802180318449 7.873456506849679 7.561709368897747 7.593167170827924 1.158438337553663 0.4088252808990628 0.03759665027249549 0.1915928074850209 0.06891600982346056 0.1933316588050945
 21.18188808807484 21.61910089354534 21.17658695922855 21.78533583330035 21.83214994731144 21.84303046513074 13.46607389741257 12.17340823733368 12.97496810705146 13.14722718244547 12.97572888965154 12.82477910627398 6.664353897969494 6.84365830871777 7.482517085490757 7.878263642450076 7.574897564887508 7.599878833190838 1.152975493985532 0.4032210351469981 0.03190247751131264 0.1894215694552963 0.06661909283504586 0.18905253363117
 21.16371859902004 21.61580423271926 21.16557347698025 21.78560117724625 21.82391952692375 21.84551826880391 13.46287395148365 12.1723005894638 12.98370804069437 13.15418118552219 12.98090253242788 12.83380796863049 6.662432646124327 6.846589467561625 7.47042625714143 7.870559104267972 7.564892285003776 7.594910871135909 1.151154301299971 0.4032399740838162 0.0300029082410246 0.1891062453664638 0.06675771027805764 0.1870920710515162
 21.18321032816116 21.63492542466931 21.17743774381656 21.79586456626389 21.8347829203722 21.85848744404433 13.48078565007242 12.17451599606843 12.98524541435387 13.1581600387506 12.98369820371301 12.83648874482244 6.660475585380047 6.848689583280829 7.474747244979273 7.872839655628811 7.568776737252783 7.602377834317875 1.1511403661164 0.4023735894327169 0.02778176506490767 0.1899882877928529 0.06285476612379207 0.1832855818766224
 21.1854418614366 21.63858289807251 21.191865585311 21.80091022981435 21.84653218833094 21.87382852899651 13.47353581532914 12.17733814663543 12.9809220709587 13.15506778220888 12.97974749717958 12.83009197743634 6.663109264503126 6.849453383446334 7.477327558223865 7.87232325424955 7.573178544448147 7.593027689804948 1.152469025425898 0.4084176648970978 0.03064779775002961 0.1916110955161085 0.06466037088334546 0.1867459097293171
 21.18407810888128 21.63233893672299 21.17548100843934 21.78538005698146 21.8326514319919 21.8543815583404 13.47115229879233 12.17282305106146 12.98017765803234 13.14363819905335 12.97325838269618 12.81733178511727 6.655729750335682 6.841218678006296 7.459241478831814 7.859565988735175 7.550334243204083 7.583868653164773 1.14663665905925 0.4039833826965748 0.0253983303424222 0.1868401410017037 0.06350581810172345 0.1836081353049465
 21.16945622785965 21.62765756662159 21.17977764005147 21.79281139538438 21.82930850293881 21.85892430383968 13.46807129955748 12.177317239171 12.98411638567061 13.15813729853631 12.98145699105712 12.82300120296785 6.662166846318524 6.848485004975257 7.469588896791397 7.873757774990052 7.568300997960187 7.596836319675047 1.144126530728276 0.3999598482788361 0.0244938040515811 0.1868127346074363 0.06066212021634859 0.181229196921346
 21.16999294817155 21.63224975495149 21.17195099640357 21.7781290295839 21.82584096532677 21.85246002473188 13.47004497135185 12.17271855676876 12.97806474654179 13.1442741397541 12.97870806584403 12.82781794297921 6.658893349415687 6.850299095083923 7.475465400201082 7.874446425388509 7.571896109248656 7.597087496353906 1.144683198922483 0.4003194708773002 0.02334683430992171 0.1825710861178571 0.05916243443198453 0.1761852039583154
 21.16784617731129 21.62859373089945 21.17416247699653 21.79108595133438 21.82797153035461 21.85730798354531 13.47081527500572 12.16989758375515 12.97955334860194 13.14899937217134 12.98034810085452 12.82826821050607 6.662867608973921 6.844503474998016 7.467037434994139 7.86936885512063 7.566305815882925 7.595134089847796 1.141316287990732 0.4028564742672951 0.02366001927295053 0.1854882676696163 0.05816596530385582 0.1767454023472168
 21.17912000936504 21.64112578143069 21.17501312972094 21.79604157978997 21.84017562240294 21.86700841165102 13.47731673061041 12.17794448028175 12.98452474504364 13.15372654706298 12.97639855886125 12.82684992853296 6.661454060104258 6.849180590219488 7.463543669729714 7.862717803375724 7.551376131232443 7.585972849949886 1.150072115772434 0.3990514405679461 0.02447615637866316 0.1987438472745312 0.060399066351988 0.1748783126968928
 21.18250787421736 21.64291050262105 21.1792670873851 21.79166107839097 21.83783437727537 21.86268180185997 13.48182170720745 12.18520215305536 12.98820062738202 13.15636370030718 12.98131837386321 12.83529470717341 6.659231512802587 6.850858399730116 7.466824846719657 7.870329646517138 7.566319027522299 7.59558054434453 1.148539800843035 0.4004188447351623 0.02396881230638692 0.1868949542317944 0.05962382900918439 0.1729279313239705
 21.1709425753357 21.63247271031368 21.16650868375417 21.77132317094261 21.82843110185359 21.84289953906182 13.46725304541831 12.16388191056107 12.97021673617242 13.14366091061551 12.96612694335263 12.81398096721759 6.65330350297183 6.843235755396069 7.453203388613176 7.852349589441809 7.546761109073823 7.575178527324722 1.143560647264154 0.4018718161950928 0.02297192025831371 0.1815351804825721 0.05380871267730426 0.1666944967596198
 21.16446148280028 21.62449284604809 21.16939967653007 21.77401864685239 21.82630047453251 21.85254736204634 13.46311451850717 12.17758903928865 12.98317961562429 13.14570513495652 12.97907763053497 12.82592701522184 6.656574872825279 6.849889869836194 7.468406095537561 7.879411991294445 7.565182898988249 7.593418242269423 1.142633105829062 0.3945543596155906 0.01880123629997699 0.1984920411795084 0.058659562125528 0.1683861443714626
 21.16735081045191 21.64143809325138 21.17471539600501 21.79387330087632 21.83386341935231 21.8574390303194 13.47748533488208 12.18039106025304 12.9854135769782 13.14770428358062 12.98092563433057 12.86592893510646 6.661043328766246 6.852249991602863 7.46278664958105 7.862144664800094 7.553447085179938 7.58962504133506 1.142702665561113 0.3982141450241746 0.01997361542621439 0.1822881306556522 0.05468908315566907 0.1709130068047922
 21.17907869846266 21.63358753379803 21.17399235200305 21.7807814579132 21.83202457864095 21.85617229083207 13.47555857356471 12.17595833868161 12.98358794197052 13.14931748641934 12.97639855886125 12.82630967744883 6.659956193398281 6.848294069425869 7.457582247883454 7.872136783185576 7.556838170460138 7.592567418195435 1.141450736131842 0.3965919791301367 0.01938298419045192 0.1797148693213474 0.05131592705169703 0.16463544944782
 21.15022901205382 21.62547339664879 21.17250383723774 21.77781960866007 21.81999383968769 21.8523726879052 13.47016532795686 12.17867630649997 12.99714293499249 13.14890848400254 12.98353645191714 12.83829130464022 6.657311404427652 6.849507943085541 7.467582215998752 7.87134790948503 7.562158341283704 7.59216295706022 1.137794088057111 0.3944692794690636 0.0139163345270268 0.1769423106853503 0.05050062362017835 0.1633594425436543
 21.15191972957329 21.6256962574533 21.17603397405962 21.77764279942849 21.82701065154873 21.85612861199008 13.4715615550051 12.17355453873643 12.9794813150642 13.142911452753 12.97404334535605 12.84257353611909 6.65595913251471 6.849876229315564 7.459427332280769 7.864351446771492 7.551916906572338 7.581639592692439 1.138493699079396 0.393557120149689 0.01398677721124504 0.1770973152923599 0.04929403091460417 0.158114395147414
 21.14066546550197 21.61736337936782 21.1573715599591 21.76328366807806 21.81306363745326 21.83783790519992 13.46354755161079 12.17163187460772 12.97410407638121 13.14284332264269 12.97094998336472 12.82826821050607 6.649466360087385 6.846603103093306 7.452792153761544 7.873226975922471 7.553710935977434 7.578965469572159 1.143027290241449 0.3937130736867677 0.01278938610686132 0.176955987372877 0.04647669619841006 0.1575980931992246
 21.1466007716922 21.64991746018941 21.15698919212907 21.77167664973557 21.81711284223265 21.8482684072205 13.47081527500572 12.16722354742565 12.98361196161567 13.14518268749406 12.97346616165042 12.84225794793148 6.654136316702411 6.848198603172723 7.453933046387796 7.863606239652305 7.55546574506426 7.58104062949884 1.136765695912801 0.3896551042641591 0.01281139439384806 0.1757981577627695 0.04716247171775649 0.1531070718274859
 21.14853847720288 21.62311126327587 21.16064331151333 21.76571275605172 21.82508907014943 21.8475262587195 13.46785469730726 12.17823720496344 12.98438061656213 13.14590957738256 12.97081149432374 12.83319981375391 6.652265616147756 6.840741732684475 7.458272449761064 7.871261854679009 7.555149061906594 7.585833483523758 1.138391762996112 0.3924892024872891 0.01264413383486311 0.1736154070268607 0.0449443923210246 0.1519733179804688
 21.14585873525966 21.6239134580776 21.16200320189374 21.77238363108875 21.82049493664777 21.84914156820804 13.46426930905594 12.17102588667031 12.97688840609 13.14604587435285 12.97076533168536 12.82988932213456 6.650914137370066 6.838902323672277 7.456202007352426 7.861929747158891 7.547763022384845 7.577364172600481 1.135015129126029 0.3882197605069464 0.009819153674687817 0.1716612940496493 0.04623738698647822 0.1533161932594637
 21.1733788388517 21.63827064204806 21.17199352192781 21.77653778662789 21.82107956996432 21.85564815277974 13.47837656921652 12.17006473248354 12.98394824187806 13.14293416287949 12.97277357991736 12.83347010077139 6.660427268523995 6.844408049016379 7.460343381919505 7.865139713148087 7.553038132080225 7.58232218213684 1.135218867755711 0.3880073260944886 0.01513601320630669 0.1752785874397949 0.04638465285650065 0.1484389225749715
 21.13316711854318 21.62685518376322 21.15681925387329 21.76571275605172 21.81698759345559 21.84385968903255 13.47127266678164 12.16991847720812 12.9763122829371 13.14157163469195 12.96619615910286 12.82831323824531 6.649418105043068 6.844271727943924 7.448044454134008 7.870745542957437 7.55656102885424 7.582726188731496 1.134718796628799 0.3838406761177096 0.00615169500381561 0.1761217765692413 0.04296642691505845 0.1461783782825229
 21.12913103573683 21.6218634847754 21.16310819992683 21.77247200598616 21.82813864570862 21.85770112716185 13.46263338940489 12.16762043385305 12.97849690162018 13.13934651923755 12.96935746134537 12.82234862509926 6.653822493363186 6.848307707544836 7.460383212338778 7.876584443460631 7.567349596474668 7.593515883107888 1.141728916001282 0.3857371895878697 0.006292363351313405 0.1788346010292476 0.04320558169145613 0.1492839825340161
 21.13811067983153 21.62582997542856 21.16451080989902 21.77432799322558 21.83599507207294 21.86456088941324 13.4746916343911 12.16927079850909 12.97921719592595 13.14195766794946 12.97074225043653 12.83281691820711 6.654220809558161 6.849808027023019 7.459599914015918 7.877689522425668 7.563782756203067 7.588398181112828 1.131529687607599 0.3866621131114344 0.006657240278685125 0.1695394932911934 0.04217545692218576 0.1450276026741685
 21.14284972604196 21.64108116595456 21.17139817511039 21.79104171165969 21.82295889580785 21.85298405593591 13.47281348634928 12.16795466504471 12.98075397353463 13.14293416287949 12.97219646073194 12.82912376822634 6.653001778770663 6.846971270271696 7.440623047836402 7.854754418569325 7.54234614059149 7.580344212229169 1.13170089507914 0.3855578870491659 0.007932320040093534 0.1745266715457408 0.04674823379699235 0.1460902048457766
 21.14305580410158 21.63510381858366 21.16514840148144 21.7895376365054 21.83039487690408 21.85879324461981 13.47331911195619 12.17027367194453 12.98068193252837 13.1464093408394 12.98321295523263 12.84058998521516 6.654607073184939 6.850217248543433 7.445777606922335 7.868924344226255 7.5547664182968 7.586697591145734 1.127343843638868 0.3871671164832335 0.005237446968250792 0.1703407562643323 0.04517443841825543 0.1479653786878647
 21.1520434477841 21.65616829428649 21.17084537335716 21.78591075082288 21.82893246790514 21.86491051200328 13.48056881250236 12.17175725556538 12.9815224388203 13.14654564373411 12.977599443897 12.8321412518172 6.64620975235714 6.851485953701024 7.437510582356083 7.860396815510507 7.550545248536142 7.581987845959025 1.126188141893684 0.3854540831911734 0.00455187037643237 0.1683014256121026 0.04579561505125714 0.1506307956426663
 21.1407890947479 21.62993120361683 21.16259819113069 21.78750293944712 21.82417013600255 21.86661503403645 13.47124859308478 12.17880176728096 12.97996154711299 13.14622760615991 12.98288946775746 12.83707454524488 6.65566938762115 6.851526882656213 7.453229920557446 7.868938682947904 7.553341547076383 7.595078284636307 1.124140885145894 0.3839067120234682 0.002759267230238552 0.172303472295451 0.04445212875985941 0.1478771743844224
 21.14091272497095 21.61999199979353 21.16417077168527 21.78215205396166 21.82266654147083 21.86569719140197 13.46775843092697 12.17365904092245 12.98493311881423 13.14045902312452 12.97295826425025 12.82979925427776 6.647017758455219 6.842745073257302 7.435749550114426 7.86922546213328 7.550360618593805 7.579369321180365 1.119813404974547 0.3813979473585325 0.0007653104858252704 0.1720985129988644 0.0471670745515071 0.1433390307553587
 21.13497957624955 21.6287274731322 21.16795411333525 21.7759632105615 21.83277680566169 21.86429867759861 13.46951541698899 12.17127663627502 12.98190669058569 13.13682675554067 12.97482836226644 12.83752518160679 6.645739455419911 6.846344031530226 7.438291905721307 7.864279789583889 7.54600974898443 7.582127151147133 1.121674184287311 0.3807992326229063 0.00130544506073453 0.1688248366301481 0.0448063696755731 0.1432045256971606
 21.13238453128456 21.62074947920082 21.15711664703325 21.78462827125906 21.82538146955518 21.85778849375209 13.47209120192898 12.17478772740863 12.9848130073871 13.1442741397541 12.9771375500137 12.83511448602814 6.647150423431463 6.845975890054939 7.423167834184954 7.853108186985012 7.538091418298658 7.576431378190592 1.119051744542982 0.380662528074277 0.0001769374715641048 0.1673867233098346 0.05036244959083414 0.1445265395335592
 21.14186058914412 21.63907359843949 21.17909690686568 21.79042236923528 21.83152311395708 21.87601509328698 13.47599206722169 12.17871812660231 12.9891618347409 13.14740893292463 12.97833851317444 12.84178458216082 6.64899588495819 6.853027739751031 7.433181462233064 7.873470852725126 7.557181310255642 7.597868980988029 1.124034616735395 0.3827936493660754 0.005659386876368001 0.1705775171693981 0.04826266788393466 0.1460298765296582
 21.13131368586503 21.62841540966423 21.25129162424078 21.76739125361684 21.80993352428089 21.8523726879052 13.46730117643146 12.16647159112923 12.97312011998325 13.13471602740868 12.96947285398706 12.83766037601747 6.644256379765539 6.844367152477421 7.411158688709262 7.846554851669569 7.543308019488814 7.572923847952356 1.119162524399686 0.3796727077303427 -0.00222852567461328 0.1668725598089437 0.04643987866104275 0.1440811913638592


